Country,Province,District,VDC/Municipality,Ward No.,Tole
Nepal,Koshi Province,TAPLEJUNG,Phaktanlung Rural Municipality,,
Nepal,Koshi Province,TAPLEJUNG,Mikwakhola Rural Municipality,,
Nepal,Koshi Province,TAPLEJUNG,Meringden Rural Municipality,,
Nepal,Koshi Province,TAPLEJUNG,Maiwakhola Rural Municipality,,
Nepal,Koshi Province,TAPLEJUNG,Aatharai Tribeni Rural Municipality,,
Nepal,Koshi Province,TAPLEJUNG,Phungling Urban Municipality,,
Nepal,Koshi Province,TAPLEJUNG,Pathivara Yangwarak Rural Municipality,,
Nepal,Koshi Province,TAPLEJUNG,Sirijanga Rural Municipality,,
Nepal,Koshi Province,TAPLEJUNG,Sidingba Rural Municipality,,
Nepal,Koshi Province,SANKHUWASABHA,Bhotkhola Rural Municipality,,
Nepal,Koshi Province,SANKHUWASABHA,Makalu Rural Municipality,,
Nepal,Koshi Province,SANKHUWASABHA,Silichong Rural Municipality,,
Nepal,Koshi Province,SANKHUWASABHA,Chichila Rural Municipality,,
Nepal,Koshi Province,SANKHUWASABHA,Sabhapokhari Rural Municipality,,
Nepal,Koshi Province,SANKHUWASABHA,Khandabari Urban Municipality,,
Nepal,Koshi Province,SANKHUWASABHA,Panchakhapan Urban Municipality,,
Nepal,Koshi Province,SANKHUWASABHA,Chainapur Urban Municipality,,
Nepal,Koshi Province,SANKHUWASABHA,Madi Urban Municipality,,
Nepal,Koshi Province,SANKHUWASABHA,Dharmadevi Urban Municipality,,
Nepal,Koshi Province,SOLUKHUMBU,Khumbu Pasanglhamu Rural Municipality,,
Nepal,Koshi Province,SOLUKHUMBU,Mahakulung Rural Municipality,,
Nepal,Koshi Province,SOLUKHUMBU,Sotang Rural Municipality,,
Nepal,Koshi Province,SOLUKHUMBU,Mapya Dudhkoshi Rural Municipality,,
Nepal,Koshi Province,SOLUKHUMBU,Thulung Dudhkoshi Rural Municipality,,
Nepal,Koshi Province,SOLUKHUMBU,Necha Salyan Rural Municipality,,
Nepal,Koshi Province,SOLUKHUMBU,Solu Dhudhakunda Urban Municipality,,
Nepal,Koshi Province,SOLUKHUMBU,Likhu Pike Rural Municipality,,
Nepal,Koshi Province,OKHALDHUNGA,Chishankhu Gadhi Rural Municipality,,
Nepal,Koshi Province,OKHALDHUNGA,Siddhicharan Urban Municipality,,
Nepal,Koshi Province,OKHALDHUNGA,Molung Rural Municipality,,
Nepal,Koshi Province,OKHALDHUNGA,Khiji Demba Rural Municipality,,
Nepal,Koshi Province,OKHALDHUNGA,Likhu Rural Municipality,,
Nepal,Koshi Province,OKHALDHUNGA,Champadevi Rural Municipality,,
Nepal,Koshi Province,OKHALDHUNGA,Sunkoshi Rural Municipality,,
Nepal,Koshi Province,OKHALDHUNGA,Manebhanjyang Rural Municipality,,
Nepal,Koshi Province,KHOTANG,Kepilasgadhi Rural Municipality,,
Nepal,Koshi Province,KHOTANG,Aiselukharka Rural Municipality,,
Nepal,Koshi Province,KHOTANG,Rawa Besi Rural Municipality,,
Nepal,Koshi Province,KHOTANG,Halesi Tuwachung Urban Municipality,,
Nepal,Koshi Province,KHOTANG,Diktel Rupakot Majhuwagadhi Urban Municipality,,
Nepal,Koshi Province,KHOTANG,Sakela Rural Municipality,,
Nepal,Koshi Province,KHOTANG,Diprung Chuichumma Rural Municipality,,
Nepal,Koshi Province,KHOTANG,Khotehang Rural Municipality,,
Nepal,Koshi Province,KHOTANG,Jante Dhunga Rural Municipality,,
Nepal,Koshi Province,KHOTANG,Baraha Pokhari Rural Municipality,,
Nepal,Koshi Province,BHOJPUR,Shadananda Urban Municipality,,
Nepal,Koshi Province,BHOJPUR,Salpa Silichho Rural Municipality,,
Nepal,Koshi Province,BHOJPUR,Temkemaiyum Rural Municipality,,
Nepal,Koshi Province,BHOJPUR,Bhojpur Urban Municipality,,
Nepal,Koshi Province,BHOJPUR,Arun Rural Municipality,,
Nepal,Koshi Province,BHOJPUR,Pauwa Dunma Rural Municipality,,
Nepal,Koshi Province,BHOJPUR,Ramprasad Rai Rural Municipality,,
Nepal,Koshi Province,BHOJPUR,Hatuwagadhi Rural Municipality,,
Nepal,Koshi Province,BHOJPUR,Aamchowk Rural Municipality,,
Nepal,Koshi Province,DHANKUTA,Mahalaxmi Urban Municipality,,
Nepal,Koshi Province,DHANKUTA,Pakhribas Urban Municipality,,
Nepal,Koshi Province,DHANKUTA,Chhathar Jorpati Rural Municipality,,
Nepal,Koshi Province,DHANKUTA,Dhankuta Urban Municipality,,
Nepal,Koshi Province,DHANKUTA,Shahidbhumi Rural Municipality,,
Nepal,Koshi Province,DHANKUTA,Sangurigadhi Rural Municipality,,
Nepal,Koshi Province,DHANKUTA,Chaubise Rural Municipality,,
Nepal,Koshi Province,TERHATHUM,Aatharai Rural Municipality,,
Nepal,Koshi Province,TERHATHUM,Phedap Rural Municipality,,
Nepal,Koshi Province,TERHATHUM,Menchhayayem Rural Municipality,,
Nepal,Koshi Province,TERHATHUM,Myanglung Urban Municipality,,
Nepal,Koshi Province,TERHATHUM,Laligurans Urban Municipality,,
Nepal,Koshi Province,TERHATHUM,Chhathar Rural Municipality,,
Nepal,Koshi Province,PANCHTHAR,Yangbarak Rural Municipality,,
Nepal,Koshi Province,PANCHTHAR,Hilihan Rural Municipality,,
Nepal,Koshi Province,PANCHTHAR,Falelung Rural Municipality,,
Nepal,Koshi Province,PANCHTHAR,Phidim Urban Municipality,,
Nepal,Koshi Province,PANCHTHAR,Falgunanda Rural Municipality,,
Nepal,Koshi Province,PANCHTHAR,Kummayak Rural Municipality,,
Nepal,Koshi Province,PANCHTHAR,Tumbewa Rural Municipality,,
Nepal,Koshi Province,PANCHTHAR,Miklajung Rural Municipality,,
Nepal,Koshi Province,ILAM,Mai Jogmai Rural Municipality,,
Nepal,Koshi Province,ILAM,Sandakpur Rural Municipality,,
Nepal,Koshi Province,ILAM,Illam Urban Municipality,,
Nepal,Koshi Province,ILAM,Deumai Urban Municipality,,
Nepal,Koshi Province,ILAM,Fakfokathum Rural Municipality,,
Nepal,Koshi Province,ILAM,Mangsebung Rural Municipality,,
Nepal,Koshi Province,ILAM,Chulachuli Rural Municipality,,
Nepal,Koshi Province,ILAM,Mai Urban Municipality,,
Nepal,Koshi Province,ILAM,Suryodaya Urban Municipality,,
Nepal,Koshi Province,ILAM,Rong Rural Municipality,,
Nepal,Koshi Province,JHAPA,Mechinagar Urban Municipality,,
Nepal,Koshi Province,JHAPA,Buddhashanti Rural Municipality,,
Nepal,Koshi Province,JHAPA,Arjundhara Urban Municipality,,
Nepal,Koshi Province,JHAPA,Kankai Urban Municipality,,
Nepal,Koshi Province,JHAPA,Shivasatakshi Urban Municipality,,
Nepal,Koshi Province,JHAPA,Kamal Rural Municipality,,
Nepal,Koshi Province,JHAPA,Damak Urban Municipality,,
Nepal,Koshi Province,JHAPA,Gauradaha Urban Municipality,,
Nepal,Koshi Province,JHAPA,Gauriganj Rural Municipality,,
Nepal,Koshi Province,JHAPA,Jhapa Rural Municipality,,
Nepal,Koshi Province,JHAPA,Barhadashi Rural Municipality,,
Nepal,Koshi Province,JHAPA,Birtamod Urban Municipality,,
Nepal,Koshi Province,JHAPA,Haldibari Rural Municipality,,
Nepal,Koshi Province,JHAPA,Bhadrapur Urban Municipality,,
Nepal,Koshi Province,JHAPA,Kachanakawal Rural Municipality,,
Nepal,Koshi Province,MORANG,Miklajung Rural Municipality,,
Nepal,Koshi Province,MORANG,Letang Urban Municipality,,
Nepal,Koshi Province,MORANG,Kerabari Rural Municipality,,
Nepal,Koshi Province,MORANG,Sundarharaicha Urban Municipality,,
Nepal,Koshi Province,MORANG,Belbari Urban Municipality,,
Nepal,Koshi Province,MORANG,Kanepokhari Rural Municipality,,
Nepal,Koshi Province,MORANG,Pathari Shanishchare Urban Municipality,,
Nepal,Koshi Province,MORANG,Urlabari Urban Municipality,,
Nepal,Koshi Province,MORANG,Ratuwamai Urban Municipality,,
Nepal,Koshi Province,MORANG,Sunwarshi Urban Municipality,,
Nepal,Koshi Province,MORANG,Rangeli Urban Municipality,,
Nepal,Koshi Province,MORANG,Gramthan Rural Municipality,,
Nepal,Koshi Province,MORANG,Budhiganga Rural Municipality,,
Nepal,Koshi Province,MORANG,Biratnagar Metropolitian City,,
Nepal,Koshi Province,MORANG,Katahari Rural Municipality,,
Nepal,Koshi Province,MORANG,Dhanapalthan Rural Municipality,,
Nepal,Koshi Province,MORANG,Jahada Rural Municipality,,
Nepal,Koshi Province,SUNSARI,Dharan Sub-Metropolitian City,,
Nepal,Koshi Province,SUNSARI,Barahachhetra Urban Municipality,,
Nepal,Koshi Province,SUNSARI,Koshi Rural Municipality,,
Nepal,Koshi Province,SUNSARI,Bhokraha Narsingh Rural Municipality,,
Nepal,Koshi Province,SUNSARI,Ramdhuni Urban Municipality,,
Nepal,Koshi Province,SUNSARI,Itahari Sub-Metropolitian City,,
Nepal,Koshi Province,SUNSARI,Duhabi Urban Municipality,,
Nepal,Koshi Province,SUNSARI,Gadhi Rural Municipality,,
Nepal,Koshi Province,SUNSARI,Inaruwa Urban Municipality,,
Nepal,Koshi Province,SUNSARI,Harinagar Rural Municipality,,
Nepal,Koshi Province,SUNSARI,Dewangunj Rural Municipality,,
Nepal,Koshi Province,SUNSARI,Barju Rural Municipality,,
Nepal,Koshi Province,UDAYAPUR,Belaka Urban Municipality,,
Nepal,Koshi Province,UDAYAPUR,Chaudandigadhi Urban Municipality,,
Nepal,Koshi Province,UDAYAPUR,Triyuga Urban Municipality,,
Nepal,Koshi Province,UDAYAPUR,Rautamai Rural Municipality,,
Nepal,Koshi Province,UDAYAPUR,Limchungbung Rural Municipality,,
Nepal,Koshi Province,UDAYAPUR,Tapli Rural Municipality,,
Nepal,Koshi Province,UDAYAPUR,Katari Urban Municipality,,
Nepal,Koshi Province,UDAYAPUR,Udayapurgadhi Rural Municipality,,
Nepal,Madhesh Province,SAPTARI,Saptakoshi Urban Municipality,,
Nepal,Madhesh Province,SAPTARI,Kanchanrup Urban Municipality,,
Nepal,Madhesh Province,SAPTARI,Agnisair Krishna Sabaran Rural Municipality,,
Nepal,Madhesh Province,SAPTARI,Rupani Rural Municipality,,
Nepal,Madhesh Province,SAPTARI,Shambhunath Urban Municipality,,
Nepal,Madhesh Province,SAPTARI,Khadak Urban Municipality,,
Nepal,Madhesh Province,SAPTARI,Surunga Urban Municipality,,
Nepal,Madhesh Province,SAPTARI,Balan-Bihul Rural Municipality,,
Nepal,Madhesh Province,SAPTARI,Bode Barsain Urban Municipality,,
Nepal,Madhesh Province,SAPTARI,Dakneshwori Urban Municipality,,
Nepal,Madhesh Province,SAPTARI,Rajgadh Rural Municipality,,
Nepal,Madhesh Province,SAPTARI,Bishnupur Rural Municipality,,
Nepal,Madhesh Province,SAPTARI,Rajbiraj Urban Municipality,,
Nepal,Madhesh Province,SAPTARI,Mahadewa Rural Municipality,,
Nepal,Madhesh Province,SAPTARI,Tirahut Rural Municipality,,
Nepal,Madhesh Province,SAPTARI,Hanumannagar Kankalini Urban Municipality,,
Nepal,Madhesh Province,SAPTARI,Tilathi Koiladi Rural Municipality,,
Nepal,Madhesh Province,SAPTARI,Chhinnamasta Rural Municipality,,
Nepal,Madhesh Province,SIRAHA,Lahan Urban Municipality,,
Nepal,Madhesh Province,SIRAHA,Dhangadhimai Urban Municipality,,
Nepal,Madhesh Province,SIRAHA,Golbazar Urban Municipality,,
Nepal,Madhesh Province,SIRAHA,Mirchaiya Urban Municipality,,
Nepal,Madhesh Province,SIRAHA,Karjanha Urban Municipality,,
Nepal,Madhesh Province,SIRAHA,Kalyanpur Urban Municipality,,
Nepal,Madhesh Province,SIRAHA,Naraha Rural Municipality,,
Nepal,Madhesh Province,SIRAHA,Bishnupur Rural Municipality,,
Nepal,Madhesh Province,SIRAHA,Arnama Rural Municipality,,
Nepal,Madhesh Province,SIRAHA,Sukhipur Urban Municipality,,
Nepal,Madhesh Province,SIRAHA,Laxmipur Patari Rural Municipality,,
Nepal,Madhesh Province,SIRAHA,Sakhuwa Nankarkatti Rural Municipality,,
Nepal,Madhesh Province,SIRAHA,Bhagawanpur Rural Municipality,,
Nepal,Madhesh Province,SIRAHA,Nawarajpur Rural Municipality,,
Nepal,Madhesh Province,SIRAHA,Bariyarpatti Rural Municipality,,
Nepal,Madhesh Province,SIRAHA,Aurahi Rural Municipality,,
Nepal,Madhesh Province,SIRAHA,Siraha Urban Municipality,,
Nepal,Madhesh Province,DHANUSA,Ganeshman Charnath Urban Municipality,,
Nepal,Madhesh Province,DHANUSA,Dhanushadham Urban Municipality,,
Nepal,Madhesh Province,DHANUSA,Mithila Urban Municipality,,
Nepal,Madhesh Province,DHANUSA,Bateshwor Rural Municipality,,
Nepal,Madhesh Province,DHANUSA,Chhireshwornath Urban Municipality,,
Nepal,Madhesh Province,DHANUSA,Laxminiya Rural Municipality,,
Nepal,Madhesh Province,DHANUSA,Mithila Bihari Urban Municipality,,
Nepal,Madhesh Province,DHANUSA,Hansapur Urban Municipality,,
Nepal,Madhesh Province,DHANUSA,Sabaila Urban Municipality,,
Nepal,Madhesh Province,DHANUSA,Shahidnagar Urban Municipality,,
Nepal,Madhesh Province,DHANUSA,Kamala Urban Municipality,,
Nepal,Madhesh Province,DHANUSA,Janak Nandini Rural Municipality,,
Nepal,Madhesh Province,DHANUSA,Bideha Urban Municipality,,
Nepal,Madhesh Province,DHANUSA,Aurahi Rural Municipality,,
Nepal,Madhesh Province,DHANUSA,Janakpurdham Sub-Metropolitian City,,
Nepal,Madhesh Province,DHANUSA,Dhanauji Rural Municipality,,
Nepal,Madhesh Province,DHANUSA,Nagarain Urban Municipality,,
Nepal,Madhesh Province,DHANUSA,Mukhiyapatti Musaharmiya Rural Municipality,,
Nepal,Madhesh Province,MAHOTTARI,Bardibas Urban Municipality,,
Nepal,Madhesh Province,MAHOTTARI,Gaushala Urban Municipality,,
Nepal,Madhesh Province,MAHOTTARI,Sonama Rural Municipality,,
Nepal,Madhesh Province,MAHOTTARI,Aurahi Urban Municipality,,
Nepal,Madhesh Province,MAHOTTARI,Bhangaha Urban Municipality,,
Nepal,Madhesh Province,MAHOTTARI,Loharpatti Urban Municipality,,
Nepal,Madhesh Province,MAHOTTARI,Balawa Urban Municipality,,
Nepal,Madhesh Province,MAHOTTARI,Ram Gopalpur Urban Municipality,,
Nepal,Madhesh Province,MAHOTTARI,Samsi Rural Municipality,,
Nepal,Madhesh Province,MAHOTTARI,Manara Shisawa Urban Municipality,,
Nepal,Madhesh Province,MAHOTTARI,Ekadara Rural Municipality,,
Nepal,Madhesh Province,MAHOTTARI,Mahottari Rural Municipality,,
Nepal,Madhesh Province,MAHOTTARI,Pipara Rural Municipality,,
Nepal,Madhesh Province,MAHOTTARI,Matihani Urban Municipality,,
Nepal,Madhesh Province,MAHOTTARI,Jaleshwor Urban Municipality,,
Nepal,Madhesh Province,SARLAHI,Lalbandi Urban Municipality,,
Nepal,Madhesh Province,SARLAHI,Hariwan Urban Municipality,,
Nepal,Madhesh Province,SARLAHI,Bagmati Urban Municipality,,
Nepal,Madhesh Province,SARLAHI,Barahathawa Urban Municipality,,
Nepal,Madhesh Province,SARLAHI,Haripur Urban Municipality,,
Nepal,Madhesh Province,SARLAHI,Ishworpur Urban Municipality,,
Nepal,Madhesh Province,SARLAHI,Haripurwa Urban Municipality,,
Nepal,Madhesh Province,SARLAHI,Parsa Rural Municipality,,
Nepal,Madhesh Province,SARLAHI,Brahmapuri Rural Municipality,,
Nepal,Madhesh Province,SARLAHI,Chandranagar Rural Municipality,,
Nepal,Madhesh Province,SARLAHI,Kabilashi Urban Municipality,,
Nepal,Madhesh Province,SARLAHI,Chakraghatta Rural Municipality,,
Nepal,Madhesh Province,SARLAHI,Basbariya Rural Municipality,,
Nepal,Madhesh Province,SARLAHI,Dhanakaul Rural Municipality,,
Nepal,Madhesh Province,SARLAHI,Ramnagar Rural Municipality,,
Nepal,Madhesh Province,SARLAHI,Balara Urban Municipality,,
Nepal,Madhesh Province,SARLAHI,Godaita Urban Municipality,,
Nepal,Madhesh Province,SARLAHI,Bishnu Rural Municipality,,
Nepal,Madhesh Province,SARLAHI,Kaudena Rural Municipality,,
Nepal,Madhesh Province,SARLAHI,Malangawa Urban Municipality,,
Nepal,Madhesh Province,RAUTAHAT,Chandrapur Urban Municipality,,
Nepal,Madhesh Province,RAUTAHAT,Gujara Urban Municipality,,
Nepal,Madhesh Province,RAUTAHAT,Phatuwa Bijayapur Urban Municipality,,
Nepal,Madhesh Province,RAUTAHAT,Katahariya Urban Municipality,,
Nepal,Madhesh Province,RAUTAHAT,Brindaban Urban Municipality,,
Nepal,Madhesh Province,RAUTAHAT,Gadhimai Urban Municipality,,
Nepal,Madhesh Province,RAUTAHAT,Madhav Narayan Urban Municipality,,
Nepal,Madhesh Province,RAUTAHAT,Garuda Urban Municipality,,
Nepal,Madhesh Province,RAUTAHAT,Dewahi Gonahi Urban Municipality,,
Nepal,Madhesh Province,RAUTAHAT,Maulapur Urban Municipality,,
Nepal,Madhesh Province,RAUTAHAT,Boudhimai Urban Municipality,,
Nepal,Madhesh Province,RAUTAHAT,Paroha Urban Municipality,,
Nepal,Madhesh Province,RAUTAHAT,Rajpur Urban Municipality,,
Nepal,Madhesh Province,RAUTAHAT,Yamunamai Rural Municipality,,
Nepal,Madhesh Province,RAUTAHAT,Durga Bhagawati Rural Municipality,,
Nepal,Madhesh Province,RAUTAHAT,Rajdevi Urban Municipality,,
Nepal,Madhesh Province,RAUTAHAT,Gaur Urban Municipality,,
Nepal,Madhesh Province,RAUTAHAT,Ishanath Urban Municipality,,
Nepal,Madhesh Province,BARA,Nijagadh Urban Municipality,,
Nepal,Madhesh Province,BARA,Kolhabi Urban Municipality,,
Nepal,Madhesh Province,BARA,Jitpur Simara Sub-Metropolitian City,,
Nepal,Madhesh Province,BARA,Parawanipur Rural Municipality,,
Nepal,Madhesh Province,BARA,Prasauni Rural Municipality,,
Nepal,Madhesh Province,BARA,Bishrampur Rural Municipality,,
Nepal,Madhesh Province,BARA,Pheta Rural Municipality,,
Nepal,Madhesh Province,BARA,Kalaiya Sub-Metropolitian City,,
Nepal,Madhesh Province,BARA,Karaiyamai Rural Municipality,,
Nepal,Madhesh Province,BARA,Baragadhi Rural Municipality,,
Nepal,Madhesh Province,BARA,Aadarsha Kotwal Rural Municipality,,
Nepal,Madhesh Province,BARA,Simroungadh Urban Municipality,,
Nepal,Madhesh Province,BARA,Pacharauta Urban Municipality,,
Nepal,Madhesh Province,BARA,Mahagadhimai Urban Municipality,,
Nepal,Madhesh Province,BARA,Devtal Rural Municipality,,
Nepal,Madhesh Province,BARA,Subarna Rural Municipality,,
Nepal,Madhesh Province,PARSA,Thori Rural Municipality,,
Nepal,Madhesh Province,PARSA,Jirabhawani Rural Municipality,,
Nepal,Madhesh Province,PARSA,Jagarnathpur Rural Municipality,,
Nepal,Madhesh Province,PARSA,Paterwa Sugauli Rural Municipality,,
Nepal,Madhesh Province,PARSA,Sakhuwa Prasauni Rural Municipality,,
Nepal,Madhesh Province,PARSA,Parsagadhi Urban Municipality,,
Nepal,Madhesh Province,PARSA,Birgunj Metropolitian City,,
Nepal,Madhesh Province,PARSA,Bahudarmai Urban Municipality,,
Nepal,Madhesh Province,PARSA,Pokhariya Urban Municipality,,
Nepal,Madhesh Province,PARSA,Kalikamai Rural Municipality,,
Nepal,Madhesh Province,PARSA,Dhobini Rural Municipality,,
Nepal,Madhesh Province,PARSA,Chhipaharmai Rural Municipality,,
Nepal,Madhesh Province,PARSA,Pakaha Mainpur Rural Municipality,,
Nepal,Madhesh Province,PARSA,Bindabasini Rural Municipality,,
Nepal,Bagmati Province,DOLAKHA,Gaurishankar Rural Municipality,,
Nepal,Bagmati Province,DOLAKHA,Bigu Rural Municipality,,
Nepal,Bagmati Province,DOLAKHA,Kalinchowk Rural Municipality,,
Nepal,Bagmati Province,DOLAKHA,Baiteshwor Rural Municipality,,
Nepal,Bagmati Province,DOLAKHA,Jiri Urban Municipality,,
Nepal,Bagmati Province,DOLAKHA,Tamakoshi Rural Municipality,,
Nepal,Bagmati Province,DOLAKHA,Melung Rural Municipality,,
Nepal,Bagmati Province,DOLAKHA,Shailung Rural Municipality,,
Nepal,Bagmati Province,DOLAKHA,Bhimeshwor Urban Municipality,,
Nepal,Bagmati Province,SINDHUPALCHOK,Bhotekoshi Rural Municipality,,
Nepal,Bagmati Province,SINDHUPALCHOK,Jugal Rural Municipality,,
Nepal,Bagmati Province,SINDHUPALCHOK,Panchpokhari Thangpal Rural Municipality,,
Nepal,Bagmati Province,SINDHUPALCHOK,Helambu Rural Municipality,,
Nepal,Bagmati Province,SINDHUPALCHOK,Melanchi Urban Municipality,,
Nepal,Bagmati Province,SINDHUPALCHOK,Indrawoti Rural Municipality,,
Nepal,Bagmati Province,SINDHUPALCHOK,Choutara Sangachowkgadhi Urban Municipality,,
Nepal,Bagmati Province,SINDHUPALCHOK,Balephi Rural Municipality,,
Nepal,Bagmati Province,SINDHUPALCHOK,Bahrabise Urban Municipality,,
Nepal,Bagmati Province,SINDHUPALCHOK,Tripurasundari Rural Municipality,,
Nepal,Bagmati Province,SINDHUPALCHOK,Lisankhu Pakhar Rural Municipality,,
Nepal,Bagmati Province,SINDHUPALCHOK,Sunkoshi Rural Municipality,,
Nepal,Bagmati Province,RASUWA,Gosaikunda Rural Municipality,,
Nepal,Bagmati Province,RASUWA,Aamachhodingmo Rural Municipality,,
Nepal,Bagmati Province,RASUWA,Uttargaya Rural Municipality,,
Nepal,Bagmati Province,RASUWA,Shuva Kalika Rural Municipality,,
Nepal,Bagmati Province,RASUWA,Naukunda Rural Municipality,,
Nepal,Bagmati Province,DHADING,Rubi Valley Rural Municipality,,
Nepal,Bagmati Province,DHADING,Khaniyabas Rural Municipality,,
Nepal,Bagmati Province,DHADING,Ganga Jamuna Rural Municipality,,
Nepal,Bagmati Province,DHADING,Tripurasundari Rural Municipality,,
Nepal,Bagmati Province,DHADING,Netrawati Dabjong Rural Municipality,,
Nepal,Bagmati Province,DHADING,Nilkhantha Urban Municipality,,
Nepal,Bagmati Province,DHADING,Jwalamukhi Rural Municipality,,
Nepal,Bagmati Province,DHADING,Siddhalek Rural Municipality,,
Nepal,Bagmati Province,DHADING,Benighat Rorang Rural Municipality,,
Nepal,Bagmati Province,DHADING,Gajuri Rural Municipality,,
Nepal,Bagmati Province,DHADING,Galchhi Rural Municipality,,
Nepal,Bagmati Province,DHADING,Thakre Rural Municipality,,
Nepal,Bagmati Province,DHADING,Dhunibenshi Urban Municipality,,
Nepal,Bagmati Province,NUWAKOT,Dupcheshwor Rural Municipality,,
Nepal,Bagmati Province,NUWAKOT,Tadi Rural Municipality,,
Nepal,Bagmati Province,NUWAKOT,Suryagadhi Rural Municipality,,
Nepal,Bagmati Province,NUWAKOT,Bidur Urban Municipality,,
Nepal,Bagmati Province,NUWAKOT,Kispang Rural Municipality,,
Nepal,Bagmati Province,NUWAKOT,Myagang Rural Municipality,,
Nepal,Bagmati Province,NUWAKOT,Tarakeshwor Rural Municipality,,
Nepal,Bagmati Province,NUWAKOT,Belkotgadhi Urban Municipality,,
Nepal,Bagmati Province,NUWAKOT,Likhu Rural Municipality,,
Nepal,Bagmati Province,NUWAKOT,Panchakanya Rural Municipality,,
Nepal,Bagmati Province,NUWAKOT,Shivapuri Rural Municipality,,
Nepal,Bagmati Province,NUWAKOT,Kakani Rural Municipality,,
Nepal,Bagmati Province,KATHMANDU,Shankharapur Urban Municipality,,
Nepal,Bagmati Province,KATHMANDU,Kageshwori Manahara Urban Municipality,,
Nepal,Bagmati Province,KATHMANDU,Gokarneshwor Urban Municipality,,
Nepal,Bagmati Province,KATHMANDU,Budhanilkhantha Urban Municipality,,
Nepal,Bagmati Province,KATHMANDU,Tokha Urban Municipality,,
Nepal,Bagmati Province,KATHMANDU,Tarakeshwor Urban Municipality,,
Nepal,Bagmati Province,KATHMANDU,Nagarjun Urban Municipality,,
Nepal,Bagmati Province,KATHMANDU,Kathmandu Metropolitian City,,
Nepal,Bagmati Province,KATHMANDU,Kirtipur Urban Municipality,,
Nepal,Bagmati Province,KATHMANDU,Chandragiri Urban Municipality,,
Nepal,Bagmati Province,KATHMANDU,Dakshinkali Urban Municipality,,
Nepal,Bagmati Province,BHAKTAPUR,Changunarayan Urban Municipality,,
Nepal,Bagmati Province,BHAKTAPUR,Bhaktapur Urban Municipality,,
Nepal,Bagmati Province,BHAKTAPUR,Madhyapur Thimi Urban Municipality,,
Nepal,Bagmati Province,BHAKTAPUR,Suryabinayak Urban Municipality,,
Nepal,Bagmati Province,LALITPUR,Mahalaxmi Urban Municipality,,
Nepal,Bagmati Province,LALITPUR,Lalitpur Metropolitian City,,
Nepal,Bagmati Province,LALITPUR,Godawari Urban Municipality,,
Nepal,Bagmati Province,LALITPUR,Konjyosom Rural Municipality,,
Nepal,Bagmati Province,LALITPUR,Mahankal Rural Municipality,,
Nepal,Bagmati Province,LALITPUR,Bagmati Rural Municipality,,
Nepal,Bagmati Province,KAVREPALANCHOK,Chauri Deurali Rural Municipality,,
Nepal,Bagmati Province,KAVREPALANCHOK,Bhumlu Rural Municipality,,
Nepal,Bagmati Province,KAVREPALANCHOK,Mandan Deupur Urban Municipality,,
Nepal,Bagmati Province,KAVREPALANCHOK,Banepa Urban Municipality,,
Nepal,Bagmati Province,KAVREPALANCHOK,Dhulikhel Urban Municipality,,
Nepal,Bagmati Province,KAVREPALANCHOK,Panchkhal Urban Municipality,,
Nepal,Bagmati Province,KAVREPALANCHOK,Temal Rural Municipality,,
Nepal,Bagmati Province,KAVREPALANCHOK,Namobuddha Urban Municipality,,
Nepal,Bagmati Province,KAVREPALANCHOK,Panauti Urban Municipality,,
Nepal,Bagmati Province,KAVREPALANCHOK,Bethanchowk Rural Municipality,,
Nepal,Bagmati Province,KAVREPALANCHOK,Roshi Rural Municipality,,
Nepal,Bagmati Province,KAVREPALANCHOK,Mahabharat Rural Municipality,,
Nepal,Bagmati Province,KAVREPALANCHOK,Khanikhola Rural Municipality,,
Nepal,Bagmati Province,RAMECHHAP,Umakunda Rural Municipality,,
Nepal,Bagmati Province,RAMECHHAP,Gokulganga Rural Municipality,,
Nepal,Bagmati Province,RAMECHHAP,Likhu Tamakoshi Rural Municipality,,
Nepal,Bagmati Province,RAMECHHAP,Ramechhap Urban Municipality,,
Nepal,Bagmati Province,RAMECHHAP,Manthali  Urban Municipality,,
Nepal,Bagmati Province,RAMECHHAP,Khandadevi Rural Municipality,,
Nepal,Bagmati Province,RAMECHHAP,Doramba Rural Municipality,,
Nepal,Bagmati Province,RAMECHHAP,Sunapati Rural Municipality,,
Nepal,Bagmati Province,SINDHULI,Dudhouli Urban Municipality,,
Nepal,Bagmati Province,SINDHULI,Phikkal Rural Municipality,,
Nepal,Bagmati Province,SINDHULI,Tinpatan Rural Municipality,,
Nepal,Bagmati Province,SINDHULI,Golanjor Rural Municipality,,
Nepal,Bagmati Province,SINDHULI,Kamalamai Urban Municipality,,
Nepal,Bagmati Province,SINDHULI,Sunkoshi Rural Municipality,,
Nepal,Bagmati Province,SINDHULI,Ghyanglekha Rural Municipality,,
Nepal,Bagmati Province,SINDHULI,Marin Rural Municipality,,
Nepal,Bagmati Province,SINDHULI,Hariharpurgaghi Rural Municipality,,
Nepal,Bagmati Province,MAKWANPUR,Indrasarowar Rural Municipality,,
Nepal,Bagmati Province,MAKWANPUR,Thaha Urban Municipality,,
Nepal,Bagmati Province,MAKWANPUR,Kailash Rural Municipality,,
Nepal,Bagmati Province,MAKWANPUR,Raksirang Rural Municipality,,
Nepal,Bagmati Province,MAKWANPUR,Manahari Rural Municipality,,
Nepal,Bagmati Province,MAKWANPUR,Hetauda Sub-Metropolitian City,,
Nepal,Bagmati Province,MAKWANPUR,Bhimphedi Rural Municipality,,
Nepal,Bagmati Province,MAKWANPUR,Makawanpurgadhi Rural Municipality,,
Nepal,Bagmati Province,MAKWANPUR,Bakaiya Rural Municipality,,
Nepal,Bagmati Province,MAKWANPUR,Bagmati Rural Municipality,,
Nepal,Bagmati Province,CHITAWAN,Rapti Urban Municipality,,
Nepal,Bagmati Province,CHITAWAN,Kalika Urban Municipality,,
Nepal,Bagmati Province,CHITAWAN,Ichchha Kamana Rural Municipality,,
Nepal,Bagmati Province,CHITAWAN,Bharatpur Metropolitian City,,
Nepal,Bagmati Province,CHITAWAN,Ratnanagar Urban Municipality,,
Nepal,Bagmati Province,CHITAWAN,Khairahani Urban Municipality,,
Nepal,Bagmati Province,CHITAWAN,Madi Urban Municipality,,
Nepal,Gandaki Province,GORKHA,Chumanubri Rural Municipality,,
Nepal,Gandaki Province,GORKHA,Ajirkot Rural Municipality,,
Nepal,Gandaki Province,GORKHA,Barpak Sulikot Rural Municipality,,
Nepal,Gandaki Province,GORKHA,Dharche Rural Municipality,,
Nepal,Gandaki Province,GORKHA,Aarughat Rural Municipality,,
Nepal,Gandaki Province,GORKHA,Bhimsenthapa Rural Municipality,,
Nepal,Gandaki Province,GORKHA,Siranchowk Rural Municipality,,
Nepal,Gandaki Province,GORKHA,Palungtar Urban Municipality,,
Nepal,Gandaki Province,GORKHA,Gorkha Urban Municipality,,
Nepal,Gandaki Province,GORKHA,Shahid Lakhan Rural Municipality,,
Nepal,Gandaki Province,GORKHA,Gandaki Rural Municipality,,
Nepal,Gandaki Province,MANANG,Narpa Bhumi Rural Municipality,,
Nepal,Gandaki Province,MANANG,Manang Ngisyang Rural Municipality,,
Nepal,Gandaki Province,MANANG,Chame Rural Municipality,,
Nepal,Gandaki Province,MANANG,Nason Rural Municipality,,
Nepal,Gandaki Province,MUSTANG,Lo Ghekar Damodarkunda Rural Municipality,,
Nepal,Gandaki Province,MUSTANG,Gharpajhong Rural Municipality,,
Nepal,Gandaki Province,MUSTANG,Varagung Muktichhetra Rural Municipality,,
Nepal,Gandaki Province,MUSTANG,Lomanthang Rural Municipality,,
Nepal,Gandaki Province,MUSTANG,Thasang Rural Municipality,,
Nepal,Gandaki Province,MYAGDI,Annapurna Rural Municipality,,
Nepal,Gandaki Province,MYAGDI,Raghuganga Rural Municipality,,
Nepal,Gandaki Province,MYAGDI,Dhawalagiri Rural Municipality,,
Nepal,Gandaki Province,MYAGDI,Malika Rural Municipality,,
Nepal,Gandaki Province,MYAGDI,Mangala Rural Municipality,,
Nepal,Gandaki Province,MYAGDI,Beni Urban Municipality,,
Nepal,Gandaki Province,KASKI,Madi Rural Municipality,,
Nepal,Gandaki Province,KASKI,Machhapuchchhre Rural Municipality,,
Nepal,Gandaki Province,KASKI,Annapurna Rural Municipality,,
Nepal,Gandaki Province,KASKI,Pokhara Metropolitian City,,
Nepal,Gandaki Province,KASKI,Rupa Rural Municipality,,
Nepal,Gandaki Province,LAMJUNG,Dordi Rural Municipality,,
Nepal,Gandaki Province,LAMJUNG,Marshyangdi Rural Municipality,,
Nepal,Gandaki Province,LAMJUNG,Kwhola Sothar Rural Municipality,,
Nepal,Gandaki Province,LAMJUNG,Madhya Nepal Urban Municipality,,
Nepal,Gandaki Province,LAMJUNG,Bensi Shahar Urban Municipality,,
Nepal,Gandaki Province,LAMJUNG,Sundarbazar Urban Municipality,,
Nepal,Gandaki Province,LAMJUNG,Rainas Urban Municipality,,
Nepal,Gandaki Province,LAMJUNG,Dudhapokhari Rural Municipality,,
Nepal,Gandaki Province,TANAHU,Bhanu Urban Municipality,,
Nepal,Gandaki Province,TANAHU,Byas Urban Municipality,,
Nepal,Gandaki Province,TANAHU,Myagde Rural Municipality,,
Nepal,Gandaki Province,TANAHU,Shuklagandaki Urban Municipality,,
Nepal,Gandaki Province,TANAHU,Bhimad Urban Municipality,,
Nepal,Gandaki Province,TANAHU,Ghiring Rural Municipality,,
Nepal,Gandaki Province,TANAHU,Rhishing Rural Municipality,,
Nepal,Gandaki Province,TANAHU,Devghat Rural Municipality,,
Nepal,Gandaki Province,TANAHU,Bandipur Rural Municipality,,
Nepal,Gandaki Province,TANAHU,Aanbu Khaireni Rural Municipality,,
Nepal,Gandaki Province,NAWALPARASI EAST,Gaidakot Urban Municipality,,
Nepal,Gandaki Province,NAWALPARASI EAST,Bulingtar Rural Municipality,,
Nepal,Gandaki Province,NAWALPARASI EAST,Baudikali Rural Municipality,,
Nepal,Gandaki Province,NAWALPARASI EAST,Hupsekot Rural Municipality,,
Nepal,Gandaki Province,NAWALPARASI EAST,Devchuli Urban Municipality,,
Nepal,Gandaki Province,NAWALPARASI EAST,Kawasoti Urban Municipality,,
Nepal,Gandaki Province,NAWALPARASI EAST,Madhya Bindu Urban Municipality,,
Nepal,Gandaki Province,NAWALPARASI EAST,Binayi Tribeni Rural Municipality,,
Nepal,Gandaki Province,SYANGJA,Putalibazar Urban Municipality,,
Nepal,Gandaki Province,SYANGJA,Phedikhola Rural Municipality,,
Nepal,Gandaki Province,SYANGJA,Aandhikhola Rural Municipality,,
Nepal,Gandaki Province,SYANGJA,Arjun Choupari Rural Municipality,,
Nepal,Gandaki Province,SYANGJA,Bhirkot Urban Municipality,,
Nepal,Gandaki Province,SYANGJA,Biruwa Rural Municipality,,
Nepal,Gandaki Province,SYANGJA,Harinas Rural Municipality,,
Nepal,Gandaki Province,SYANGJA,Chapakot Urban Municipality,,
Nepal,Gandaki Province,SYANGJA,Walling Urban Municipality,,
Nepal,Gandaki Province,SYANGJA,Galyang Urban Municipality,,
Nepal,Gandaki Province,SYANGJA,Kaligandaki Rural Municipality,,
Nepal,Gandaki Province,PARBAT,Modi Rural Municipality,,
Nepal,Gandaki Province,PARBAT,Jaljala Rural Municipality,,
Nepal,Gandaki Province,PARBAT,Kushma Urban Municipality,,
Nepal,Gandaki Province,PARBAT,Phalebas Urban Municipality,,
Nepal,Gandaki Province,PARBAT,Mahashila Rural Municipality,,
Nepal,Gandaki Province,PARBAT,Bihadi Rural Municipality,,
Nepal,Gandaki Province,PARBAT,Paiyu Rural Municipality,,
Nepal,Gandaki Province,BAGLUNG,Baglung Urban Municipality,,
Nepal,Gandaki Province,BAGLUNG,Kathekhola Rural Municipality,,
Nepal,Gandaki Province,BAGLUNG,Tarakhola Rural Municipality,,
Nepal,Gandaki Province,BAGLUNG,Tamankhola Rural Municipality,,
Nepal,Gandaki Province,BAGLUNG,Dhorpatan Urban Municipality,,
Nepal,Gandaki Province,BAGLUNG,Nisikhola Rural Municipality,,
Nepal,Gandaki Province,BAGLUNG,Badigad Rural Municipality,,
Nepal,Gandaki Province,BAGLUNG,Galkot Urban Municipality,,
Nepal,Gandaki Province,BAGLUNG,Bareng Rural Municipality,,
Nepal,Gandaki Province,BAGLUNG,Jaimuni Urban Municipality,,
Nepal,Lumbini Province,RUKUM EAST,Putha Uttanganga Rural Municipality,,
Nepal,Lumbini Province,RUKUM EAST,Sisne Rural Municipality,,
Nepal,Lumbini Province,RUKUM EAST,Bhoome Rural Municipality,,
Nepal,Lumbini Province,ROLPA,Sunchhahari Rural Municipality,,
Nepal,Lumbini Province,ROLPA,Thawang Rural Municipality,,
Nepal,Lumbini Province,ROLPA,Pariwartan Rural Municipality,,
Nepal,Lumbini Province,ROLPA,Gangadev Rural Municipality,,
Nepal,Lumbini Province,ROLPA,Madi Rural Municipality,,
Nepal,Lumbini Province,ROLPA,Tribeni Rural Municipality,,
Nepal,Lumbini Province,ROLPA,Rolpa Urban Municipality,,
Nepal,Lumbini Province,ROLPA,Runtigadhi Rural Municipality,,
Nepal,Lumbini Province,ROLPA,Sunil Smriti Rural Municipality,,
Nepal,Lumbini Province,ROLPA,Lungri Rural Municipality,,
Nepal,Lumbini Province,PYUTHAN,Gaumukhi Rural Municipality,,
Nepal,Lumbini Province,PYUTHAN,Naubahini Rural Municipality,,
Nepal,Lumbini Province,PYUTHAN,Jhimaruk Rural Municipality,,
Nepal,Lumbini Province,PYUTHAN,Pyuthan Urban Municipality,,
Nepal,Lumbini Province,PYUTHAN,Sworgadwari Urban Municipality,,
Nepal,Lumbini Province,PYUTHAN,Mandavi Rural Municipality,,
Nepal,Lumbini Province,PYUTHAN,Mallarani Rural Municipality,,
Nepal,Lumbini Province,PYUTHAN,Aairawati Rural Municipality,,
Nepal,Lumbini Province,PYUTHAN,Sarumarani Rural Municipality,,
Nepal,Lumbini Province,GULMI,Kali Gandaki Rural Municipality,,
Nepal,Lumbini Province,GULMI,Satyawoti Rural Municipality,,
Nepal,Lumbini Province,GULMI,Chandrakot Rural Municipality,,
Nepal,Lumbini Province,GULMI,Musikot Urban Municipality,,
Nepal,Lumbini Province,GULMI,Isma Rural Municipality,,
Nepal,Lumbini Province,GULMI,Malika Rural Municipality,,
Nepal,Lumbini Province,GULMI,Madane Rural Municipality,,
Nepal,Lumbini Province,GULMI,Dhurkot Rural Municipality,,
Nepal,Lumbini Province,GULMI,Resunga Urban Municipality,,
Nepal,Lumbini Province,GULMI,Gulmi Durbar Rural Municipality,,
Nepal,Lumbini Province,GULMI,Chhatrakot Rural Municipality,,
Nepal,Lumbini Province,GULMI,Ruruchhetra Rural Municipality,,
Nepal,Lumbini Province,ARGHAKHANCHI,Chhatradev Rural Municipality,,
Nepal,Lumbini Province,ARGHAKHANCHI,Malarani Rural Municipality,,
Nepal,Lumbini Province,ARGHAKHANCHI,Bhumikasthan Urban Municipality,,
Nepal,Lumbini Province,ARGHAKHANCHI,Sandhikharka Urban Municipality,,
Nepal,Lumbini Province,ARGHAKHANCHI,Panini Rural Municipality,,
Nepal,Lumbini Province,ARGHAKHANCHI,Shitaganga Urban Municipality,,
Nepal,Lumbini Province,PALPA,Rampur Urban Municipality,,
Nepal,Lumbini Province,PALPA,Purbakhola Rural Municipality,,
Nepal,Lumbini Province,PALPA,Rambha Rural Municipality,,
Nepal,Lumbini Province,PALPA,Baganaskali Rural Municipality,,
Nepal,Lumbini Province,PALPA,Tansen Urban Municipality,,
Nepal,Lumbini Province,PALPA,Ribdikot Rural Municipality,,
Nepal,Lumbini Province,PALPA,Rainadevi Chhahara Rural Municipality,,
Nepal,Lumbini Province,PALPA,Tinau Rural Municipality,,
Nepal,Lumbini Province,PALPA,Mathagadhi Rural Municipality,,
Nepal,Lumbini Province,PALPA,Nisdi Rural Municipality,,
Nepal,Lumbini Province,NAWALPARASI WEST,Bardaghat Urban Municipality,,
Nepal,Lumbini Province,NAWALPARASI WEST,Sunawal Urban Municipality,,
Nepal,Lumbini Province,NAWALPARASI WEST,Ramgram Urban Municipality,,
Nepal,Lumbini Province,NAWALPARASI WEST,Palhinandan Rural Municipality,,
Nepal,Lumbini Province,NAWALPARASI WEST,Sarawal Rural Municipality,,
Nepal,Lumbini Province,NAWALPARASI WEST,Pratapapur Rural Municipality,,
Nepal,Lumbini Province,NAWALPARASI WEST,Susta Rural Municipality,,
Nepal,Lumbini Province,RUPANDEHI,Devdaha Urban Municipality,,
Nepal,Lumbini Province,RUPANDEHI,Butwal Sub-Metropolitian City,,
Nepal,Lumbini Province,RUPANDEHI,Sainamaina Urban Municipality,,
Nepal,Lumbini Province,RUPANDEHI,Kanchan Rural Municipality,,
Nepal,Lumbini Province,RUPANDEHI,Gaidahawa Rural Municipality,,
Nepal,Lumbini Province,RUPANDEHI,Suddhodhan Rural Municipality,,
Nepal,Lumbini Province,RUPANDEHI,Siyari Rural Municipality,,
Nepal,Lumbini Province,RUPANDEHI,Tilottama Urban Municipality,,
Nepal,Lumbini Province,RUPANDEHI,Om Satiya Rural Municipality,,
Nepal,Lumbini Province,RUPANDEHI,Rohini Rural Municipality,,
Nepal,Lumbini Province,RUPANDEHI,Siddharthanagar Urban Municipality,,
Nepal,Lumbini Province,RUPANDEHI,Mayadevi Rural Municipality,,
Nepal,Lumbini Province,RUPANDEHI,Lumbini Sanskritik Urban Municipality,,
Nepal,Lumbini Province,RUPANDEHI,Kotahimai Rural Municipality,,
Nepal,Lumbini Province,RUPANDEHI,Sammarimai Rural Municipality,,
Nepal,Lumbini Province,RUPANDEHI,Marchawari Rural Municipality,,
Nepal,Lumbini Province,KAPILBASTU,Banganga Urban Municipality,,
Nepal,Lumbini Province,KAPILBASTU,Buddhabhumi Urban Municipality,,
Nepal,Lumbini Province,KAPILBASTU,Shivaraj Urban Municipality,,
Nepal,Lumbini Province,KAPILBASTU,Bijayanagar Rural Municipality,,
Nepal,Lumbini Province,KAPILBASTU,Krishnanagar Urban Municipality,,
Nepal,Lumbini Province,KAPILBASTU,Maharajganj Urban Municipality,,
Nepal,Lumbini Province,KAPILBASTU,Kapilbastu Urban Municipality,,
Nepal,Lumbini Province,KAPILBASTU,Yasodhara Rural Municipality,,
Nepal,Lumbini Province,KAPILBASTU,Mayadevi Rural Municipality,,
Nepal,Lumbini Province,KAPILBASTU,Shuddhodhan Rural Municipality,,
Nepal,Lumbini Province,DANG,Bangalachuli Rural Municipality,,
Nepal,Lumbini Province,DANG,Ghorahi Sub-Metropolitian City,,
Nepal,Lumbini Province,DANG,Tulsipur Sub-Metropolitian City,,
Nepal,Lumbini Province,DANG,Shantinagar Rural Municipality,,
Nepal,Lumbini Province,DANG,Babai Rural Municipality,,
Nepal,Lumbini Province,DANG,Dangisharan Rural Municipality,,
Nepal,Lumbini Province,DANG,Lamahi Urban Municipality,,
Nepal,Lumbini Province,DANG,Rapti Rural Municipality,,
Nepal,Lumbini Province,DANG,Gadhawa Rural Municipality,,
Nepal,Lumbini Province,DANG,Rajpur Rural Municipality,,
Nepal,Lumbini Province,BANKE,Rapti Sonari Rural Municipality,,
Nepal,Lumbini Province,BANKE,Kohalpur Urban Municipality,,
Nepal,Lumbini Province,BANKE,Baijanath Rural Municipality,,
Nepal,Lumbini Province,BANKE,Khajura Rural Municipality,,
Nepal,Lumbini Province,BANKE,Janaki Rural Municipality,,
Nepal,Lumbini Province,BANKE,Nepalganj Sub-Metropolitian City,,
Nepal,Lumbini Province,BANKE,Duduwa Rural Municipality,,
Nepal,Lumbini Province,BANKE,Narainapur Rural Municipality,,
Nepal,Lumbini Province,BARDIYA,Bansgadhi Urban Municipality,,
Nepal,Lumbini Province,BARDIYA,Barbardiya Urban Municipality,,
Nepal,Lumbini Province,BARDIYA,Thakurbaba Urban Municipality,,
Nepal,Lumbini Province,BARDIYA,Geruwa Rural Municipality,,
Nepal,Lumbini Province,BARDIYA,Rajapur Urban Municipality,,
Nepal,Lumbini Province,BARDIYA,Madhuwan Urban Municipality,,
Nepal,Lumbini Province,BARDIYA,Gulariya Urban Municipality,,
Nepal,Lumbini Province,BARDIYA,Badhaiyatal Rural Municipality,,
Nepal,Karnali Province,DOLPA,Dolpo Buddha Rural Municipality,,
Nepal,Karnali Province,DOLPA,Shey Phoksundo Rural Municipality,,
Nepal,Karnali Province,DOLPA,Jagadulla Rural Municipality,,
Nepal,Karnali Province,DOLPA,Mudkechula Rural Municipality,,
Nepal,Karnali Province,DOLPA,Tripurasundari Urban Municipality,,
Nepal,Karnali Province,DOLPA,Thulibheri Urban Municipality,,
Nepal,Karnali Province,DOLPA,Kaike Rural Municipality,,
Nepal,Karnali Province,DOLPA,Chharka Tangsong Rural Municipality,,
Nepal,Karnali Province,MUGU,Mugumakarmarog Rural Municipality,,
Nepal,Karnali Province,MUGU,Chhayanath Rara Urban Municipality,,
Nepal,Karnali Province,MUGU,Soru Rural Municipality,,
Nepal,Karnali Province,MUGU,Khatyad Rural Municipality,,
Nepal,Karnali Province,HUMLA,Chankheli Rural Municipality,,
Nepal,Karnali Province,HUMLA,Kharpunath Rural Municipality,,
Nepal,Karnali Province,HUMLA,Simkot Rural Municipality,,
Nepal,Karnali Province,HUMLA,Namkha Rural Municipality,,
Nepal,Karnali Province,HUMLA,Sarkegad Rural Municipality,,
Nepal,Karnali Province,HUMLA,Adanchuli Rural Municipality,,
Nepal,Karnali Province,HUMLA,Tanjakot Rural Municipality,,
Nepal,Karnali Province,JUMLA,Patarasi Rural Municipality,,
Nepal,Karnali Province,JUMLA,Kanaka Sundari Rural Municipality,,
Nepal,Karnali Province,JUMLA,Sinja Rural Municipality,,
Nepal,Karnali Province,JUMLA,Chandannath Urban Municipality,,
Nepal,Karnali Province,JUMLA,Guthichaur Rural Municipality,,
Nepal,Karnali Province,JUMLA,Tatopani Rural Municipality,,
Nepal,Karnali Province,JUMLA,Tila Rural Municipality,,
Nepal,Karnali Province,JUMLA,Hima Rural Municipality,,
Nepal,Karnali Province,KALIKOT,Palata Rural Municipality,,
Nepal,Karnali Province,KALIKOT,Pachal Jharana Rural Municipality,,
Nepal,Karnali Province,KALIKOT,Raskot Urban Municipality,,
Nepal,Karnali Province,KALIKOT,Sanni Tribeni Rural Municipality,,
Nepal,Karnali Province,KALIKOT,Naraharinath Rural Municipality,,
Nepal,Karnali Province,KALIKOT,Khandachakra Urban Municipality,,
Nepal,Karnali Province,KALIKOT,Tilagupha Urban Municipality,,
Nepal,Karnali Province,KALIKOT,Mahawai Rural Municipality,,
Nepal,Karnali Province,KALIKOT,Shuva Kalika Rural Municipality,,
Nepal,Karnali Province,DAILEKH,Naumule Rural Municipality,,
Nepal,Karnali Province,DAILEKH,Mahabu Rural Municipality,,
Nepal,Karnali Province,DAILEKH,Bhairabi Rural Municipality,,
Nepal,Karnali Province,DAILEKH,Thantikandh Rural Municipality,,
Nepal,Karnali Province,DAILEKH,Aathbis Urban Municipality,,
Nepal,Karnali Province,DAILEKH,Chamunda Bindrasaini Urban Municipality,,
Nepal,Karnali Province,DAILEKH,Dullu Urban Municipality,,
Nepal,Karnali Province,DAILEKH,Narayan Urban Municipality,,
Nepal,Karnali Province,DAILEKH,Bhagawatimai Rural Municipality,,
Nepal,Karnali Province,DAILEKH,Dungeshwor Rural Municipality,,
Nepal,Karnali Province,DAILEKH,Gurans Rural Municipality,,
Nepal,Karnali Province,JAJARKOT,Barekot Rural Municipality,,
Nepal,Karnali Province,JAJARKOT,Kushe Rural Municipality,,
Nepal,Karnali Province,JAJARKOT,Junichande Rural Municipality,,
Nepal,Karnali Province,JAJARKOT,Chhedagad Urban Municipality,,
Nepal,Karnali Province,JAJARKOT,Shivalaya Rural Municipality,,
Nepal,Karnali Province,JAJARKOT,Bheri Malika Urban Municipality,,
Nepal,Karnali Province,JAJARKOT,Nalgad Urban Municipality,,
Nepal,Karnali Province,RUKUM WEST,Aathabisakot Urban Municipality,,
Nepal,Karnali Province,RUKUM WEST,Sanibheri Rural Municipality,,
Nepal,Karnali Province,RUKUM WEST,Banphikot Rural Municipality,,
Nepal,Karnali Province,RUKUM WEST,Musikot Urban Municipality,,
Nepal,Karnali Province,RUKUM WEST,Tribeni Rural Municipality,,
Nepal,Karnali Province,RUKUM WEST,Chaurjahari Urban Municipality,,
Nepal,Karnali Province,SALYAN,Darma Rural Municipality,,
Nepal,Karnali Province,SALYAN,Kumakh Rural Municipality,,
Nepal,Karnali Province,SALYAN,Banagad Kupinde Urban Municipality,,
Nepal,Karnali Province,SALYAN,Siddha Kumakh Rural Municipality,,
Nepal,Karnali Province,SALYAN,Bagachour Urban Municipality,,
Nepal,Karnali Province,SALYAN,Chhatreshwori Rural Municipality,,
Nepal,Karnali Province,SALYAN,Sharada Urban Municipality,,
Nepal,Karnali Province,SALYAN,Kalimati Rural Municipality,,
Nepal,Karnali Province,SALYAN,Tribeni Rural Municipality,,
Nepal,Karnali Province,SALYAN,Kapurkot Rural Municipality,,
Nepal,Karnali Province,SURKHET,Simta Rural Municipality,,
Nepal,Karnali Province,SURKHET,Chingad Rural Municipality,,
Nepal,Karnali Province,SURKHET,Lekabeshi Urban Municipality,,
Nepal,Karnali Province,SURKHET,Gurbhakot Urban Municipality,,
Nepal,Karnali Province,SURKHET,Bheriganga Urban Municipality,,
Nepal,Karnali Province,SURKHET,Birendranagar Urban Municipality,,
Nepal,Karnali Province,SURKHET,Barahatal Rural Municipality,,
Nepal,Karnali Province,SURKHET,Panchapuri Urban Municipality,,
Nepal,Karnali Province,SURKHET,Chaukune Rural Municipality,,
Nepal,Sudurpaschim Province,BAJURA,Himali Rural Municipality,,
Nepal,Sudurpaschim Province,BAJURA,Gaumul Rural Municipality,,
Nepal,Sudurpaschim Province,BAJURA,Budhinanda Urban Municipality,,
Nepal,Sudurpaschim Province,BAJURA,Swamikartik Khapar Rural Municipality,,
Nepal,Sudurpaschim Province,BAJURA,Jagannath Rural Municipality,,
Nepal,Sudurpaschim Province,BAJURA,Badimalika Urban Municipality,,
Nepal,Sudurpaschim Province,BAJURA,Khaptad Chhededaha Rural Municipality,,
Nepal,Sudurpaschim Province,BAJURA,Budhiganga Urban Municipality,,
Nepal,Sudurpaschim Province,BAJURA,Tribeni Urban Municipality,,
Nepal,Sudurpaschim Province,BAJHANG,Saipal Rural Municipality,,
Nepal,Sudurpaschim Province,BAJHANG,Bungal Urban Municipality,,
Nepal,Sudurpaschim Province,BAJHANG,Surma Rural Municipality,,
Nepal,Sudurpaschim Province,BAJHANG,Talkot Rural Municipality,,
Nepal,Sudurpaschim Province,BAJHANG,Masta Rural Municipality,,
Nepal,Sudurpaschim Province,BAJHANG,Jayaprithbi Urban Municipality,,
Nepal,Sudurpaschim Province,BAJHANG,Chhabis Pathibhara Rural Municipality,,
Nepal,Sudurpaschim Province,BAJHANG,Durgathali Rural Municipality,,
Nepal,Sudurpaschim Province,BAJHANG,Kedarsyun Rural Municipality,,
Nepal,Sudurpaschim Province,BAJHANG,Bitthadchir Rural Municipality,,
Nepal,Sudurpaschim Province,BAJHANG,Thalara Rural Municipality,,
Nepal,Sudurpaschim Province,BAJHANG,Khaptad Chhanna Rural Municipality,,
Nepal,Sudurpaschim Province,DARCHULA,Byas Rural Municipality,,
Nepal,Sudurpaschim Province,DARCHULA,Duhun Rural Municipality,,
Nepal,Sudurpaschim Province,DARCHULA,Mahakali Urban Municipality,,
Nepal,Sudurpaschim Province,DARCHULA,Naugad  Rural Municipality,,
Nepal,Sudurpaschim Province,DARCHULA,Apihimal Rural Municipality,,
Nepal,Sudurpaschim Province,DARCHULA,Marma Rural Municipality,,
Nepal,Sudurpaschim Province,DARCHULA,Shailyashikhar Urban Municipality,,
Nepal,Sudurpaschim Province,DARCHULA,Malikarjun Rural Municipality,,
Nepal,Sudurpaschim Province,DARCHULA,Lekam Rural Municipality,,
Nepal,Sudurpaschim Province,BAITADI,Dilasaini Rural Municipality,,
Nepal,Sudurpaschim Province,BAITADI,Dogada Kedar Rural Municipality,,
Nepal,Sudurpaschim Province,BAITADI,Puchaundi Urban Municipality,,
Nepal,Sudurpaschim Province,BAITADI,Surnaya Rural Municipality,,
Nepal,Sudurpaschim Province,BAITADI,Dasharathchand Urban Municipality,,
Nepal,Sudurpaschim Province,BAITADI,Pancheshwor Rural Municipality,,
Nepal,Sudurpaschim Province,BAITADI,Shivanath Rural Municipality,,
Nepal,Sudurpaschim Province,BAITADI,Melauli Urban Municipality,,
Nepal,Sudurpaschim Province,BAITADI,Patan Urban Municipality,,
Nepal,Sudurpaschim Province,BAITADI,Sigas Rural Municipality,,
Nepal,Sudurpaschim Province,DADELDHURA,Nawadurga Rural Municipality,,
Nepal,Sudurpaschim Province,DADELDHURA,Amargadhi Urban Municipality,,
Nepal,Sudurpaschim Province,DADELDHURA,Ajaymeru Rural Municipality,,
Nepal,Sudurpaschim Province,DADELDHURA,Bhageshwor Rural Municipality,,
Nepal,Sudurpaschim Province,DADELDHURA,Parashuram Urban Municipality,,
Nepal,Sudurpaschim Province,DADELDHURA,Aalital Rural Municipality,,
Nepal,Sudurpaschim Province,DADELDHURA,Ganyapdhura Rural Municipality,,
Nepal,Sudurpaschim Province,DOTI,Purbichouki Rural Municipality,,
Nepal,Sudurpaschim Province,DOTI,Sayal Rural Municipality,,
Nepal,Sudurpaschim Province,DOTI,Aadarsha Rural Municipality,,
Nepal,Sudurpaschim Province,DOTI,Shikhar Urban Municipality,,
Nepal,Sudurpaschim Province,DOTI,Dipayal Silgadhi Urban Municipality,,
Nepal,Sudurpaschim Province,DOTI,K.I. Singh Rural Municipality,,
Nepal,Sudurpaschim Province,DOTI,Bogatan Phudsil Rural Municipality,,
Nepal,Sudurpaschim Province,DOTI,Badi Kedar Rural Municipality,,
Nepal,Sudurpaschim Province,DOTI,Jorayal Rural Municipality,,
Nepal,Sudurpaschim Province,ACHHAM,Panchdebal Binayak Urban Municipality,,
Nepal,Sudurpaschim Province,ACHHAM,Ramaroshan Rural Municipality,,
Nepal,Sudurpaschim Province,ACHHAM,Mellekh Rural Municipality,,
Nepal,Sudurpaschim Province,ACHHAM,Sanphebagar Urban Municipality,,
Nepal,Sudurpaschim Province,ACHHAM,Chaurpati Rural Municipality,,
Nepal,Sudurpaschim Province,ACHHAM,Mangalsen Urban Municipality,,
Nepal,Sudurpaschim Province,ACHHAM,Bannigadhi Jayagadh Rural Municipality,,
Nepal,Sudurpaschim Province,ACHHAM,Kamal bazar Urban Municipality,,
Nepal,Sudurpaschim Province,ACHHAM,Dhakari Rural Municipality,,
Nepal,Sudurpaschim Province,ACHHAM,Turmakhand Rural Municipality,,
Nepal,Sudurpaschim Province,KAILALI,Mohanyal Rural Municipality,,
Nepal,Sudurpaschim Province,KAILALI,Chure Rural Municipality,,
Nepal,Sudurpaschim Province,KAILALI,Godawari Urban Municipality,,
Nepal,Sudurpaschim Province,KAILALI,Gauriganga Urban Municipality,,
Nepal,Sudurpaschim Province,KAILALI,Ghodaghodi Urban Municipality,,
Nepal,Sudurpaschim Province,KAILALI,Bardagoriya Rural Municipality,,
Nepal,Sudurpaschim Province,KAILALI,Lamki Chuha Urban Municipality,,
Nepal,Sudurpaschim Province,KAILALI,Janaki Rural Municipality,,
Nepal,Sudurpaschim Province,KAILALI,Joshipur Rural Municipality,,
Nepal,Sudurpaschim Province,KAILALI,Tikapur Urban Municipality,,
Nepal,Sudurpaschim Province,KAILALI,Bhajani Urban Municipality,,
Nepal,Sudurpaschim Province,KAILALI,Kailari Rural Municipality,,
Nepal,Sudurpaschim Province,KAILALI,Dhangadhi Sub-Metropolitian City,,
Nepal,Sudurpaschim Province,KANCHANPUR,Krishnapur Urban Municipality,,
Nepal,Sudurpaschim Province,KANCHANPUR,Shuklaphanta Urban Municipality,,
Nepal,Sudurpaschim Province,KANCHANPUR,Bedkot Urban Municipality,,
Nepal,Sudurpaschim Province,KANCHANPUR,Bhimdatta Urban Municipality,,
Nepal,Sudurpaschim Province,KANCHANPUR,Mahakali Urban Municipality,,
Nepal,Sudurpaschim Province,KANCHANPUR,Laljhadi Rural Municipality,,
Nepal,Sudurpaschim Province,KANCHANPUR,Punarbas Urban Municipality,,
Nepal,Sudurpaschim Province,KANCHANPUR,Belouri Urban Municipality,,
Nepal,Sudurpaschim Province,KANCHANPUR,Beldandi Rural Municipality,,
